[
    {
      "rating": 5,
      "image": "/mihir.webp",
      "name": "Mihir",
      "testimonial": "Lorem ipsum dolor sit, amet consectetur adipisicing elit. Eaque, veritatis iusto voluptatum ad labore sunt officiis nam excepturi non dignissimos, dolorum laborum quis, deserunt eum commodi. Quas, possimus! Totam, repellat."
    },
    {
      "rating": 5,
      "image": "/alex.jpeg",
      "name": "Alex",
      "testimonial": "Lorem ipsum dolor sit, amet consectetur adipisicing elit. Eaque, veritatis iusto voluptatum ad labore sunt officiis nam excepturi non dignissimos, dolorum laborum quis, deserunt eum commodi. Quas, possimus! Totam, repellat."
    },
    {
      "rating": 5,
      "image": "/suhir.avif",
      "name": "Suhir",
      "testimonial": "Lorem ipsum dolor sit, amet consectetur adipisicing elit. Eaque, veritatis iusto voluptatum ad labore sunt officiis nam excepturi non dignissimos, dolorum laborum quis, deserunt eum commodi. Quas, possimus! Totam, repellat."
    },
    {
      "rating": 5,
      "image": "/din.jpeg",
      "name": "Din",
      "testimonial": "Lorem ipsum dolor sit, amet consectetur adipisicing elit. Eaque, veritatis iusto voluptatum ad labore sunt officiis nam excepturi non dignissimos, dolorum laborum quis, deserunt eum commodi. Quas, possimus! Totam, repellat."
    }
  ]
  