[
    {
      "id": "greek-salad",
      "image": "/greek-salad.jpeg",
      "title": "Greek salad",
      "price": 12.99,
      "description": "The famous greek salad of crispy lettuce, peppers, olives and our Chicago style feta cheese, garnished with crunchy garlic and rosemary croutons."
    },
    {
      "id": "bruchetta",
      "image": "/bruchetta.jpeg",
      "title": "Bruchetta",
      "price": 5.89,
      "description": "Our Bruchetta is made from grilled bread that has been smeared with garlic and seasoned with salt and olive oil."
    },
    {
      "id": "lemon-dessert",
      "image": "/lemon-dessert.jpg",
      "title": "Lemon Dessert",
      "price": 5.0,
      "description": "This comes straight from my grandma's recipe book, every last ingredient has been sourced and is as authentic as can be imagined."
    }
  ]
  